{"mean":{"confidence_interval":{"confidence_level":0.95,"lower_bound":43888414840.1,"upper_bound":44749833073.1975},"point_estimate":44304716561.4,"standard_error":385729674.1828272},"median":{"confidence_interval":{"confidence_level":0.95,"lower_bound":43841233749.575,"upper_bound":44128501850.0},"point_estimate":44093256086.0,"standard_error":133822722.18483734},"median_abs_dev":{"confidence_interval":{"confidence_level":0.95,"lower_bound":381150120.7746327,"upper_bound":762564367.5870712},"point_estimate":717939529.3402255,"standard_error":176672919.96766442},"slope":null,"std_dev":{"confidence_interval":{"confidence_level":0.95,"lower_bound":468713568.80397147,"upper_bound":1468182399.3040733},"point_estimate":1073289842.9539007,"standard_error":398512788.15150493}}