{"mean":{"confidence_interval":{"confidence_level":0.95,"lower_bound":12301329565.1,"upper_bound":12436317899.89},"point_estimate":12327156966.8,"standard_error":49954342.7569498},"median":{"confidence_interval":{"confidence_level":0.95,"lower_bound":12234270152.5,"upper_bound":12579009236.0},"point_estimate":12263993344.0,"standard_error":128119646.91268826},"median_abs_dev":{"confidence_interval":{"confidence_level":0.95,"lower_bound":44266672.282646984,"upper_bound":262303512.49928176},"point_estimate":114133185.00173092,"standard_error":71756616.44555409},"slope":null,"std_dev":{"confidence_interval":{"confidence_level":0.95,"lower_bound":149792194.11128232,"upper_bound":237069888.8641024},"point_estimate":179210767.24276918,"standard_error":28301661.856255088}}