{"mean":{"confidence_interval":{"confidence_level":0.95,"lower_bound":43255100428.6,"upper_bound":43255100428.6},"point_estimate":43402404314.4,"standard_error":8.042087962260894e-6},"median":{"confidence_interval":{"confidence_level":0.95,"lower_bound":43188910760.0,"upper_bound":43188910760.0},"point_estimate":43212860048.5,"standard_error":0.0},"median_abs_dev":{"confidence_interval":{"confidence_level":0.95,"lower_bound":177502824.45289493,"upper_bound":177502824.45289493},"point_estimate":270666878.22460234,"standard_error":0.0},"slope":null,"std_dev":{"confidence_interval":{"confidence_level":0.95,"lower_bound":312776731.5446372,"upper_bound":312776731.5446372},"point_estimate":452384955.49275315,"standard_error":0.0}}