{"mean":{"confidence_interval":{"confidence_level":0.95,"lower_bound":40715219810.76225,"upper_bound":44879819031.926476},"point_estimate":43487822660.916084,"standard_error":1454570327.1382341},"median":{"confidence_interval":{"confidence_level":0.95,"lower_bound":60561035910.19564,"upper_bound":61283095898.647064},"point_estimate":60756192630.78195,"standard_error":331194763.39892954}}